user001,overture-policy-repackage
user002,dirtiness-urgency-maturing
user003,corrode-gender-purging
user004,snowcap-camcorder-craftily
user005,resume-talon-snowstorm
user006,ramp-clad-clergyman
user007,dizziness-matchbook-retrieval
user008,tractor-cheddar-dreaded
user009,studio-corridor-gout
user010,mummified-campfire-crazily
user011,agonizing-phoniness-failing
user012,january-recant-panhandle
user013,prayer-unwelcome-flick
user014,laxative-delirious-thrower
user015,gluten-ellipse-outdoors
user016,canning-sprig-various
user017,unglue-tacky-activator
user018,outscore-sturdily-zookeeper
user019,dynamite-sixth-playpen
user020,antiquity-siding-immovably
user021,narrow-gloomy-author
user022,among-unholy-abreast
user023,urging-zombie-chewing
user024,refurnish-shopper-sizzling
user025,waggle-exhaust-childhood
user026,fool-swear-staring
user027,aged-winking-purify
user028,crept-elitism-headstone
user029,conch-fifteen-uncurious
user030,confound-coveting-dollop
user031,book-mounting-pamphlet
user032,manila-cardiac-giant
user033,reentry-aftermost-entree
user034,kennel-untamed-challenge
user035,jargon-antacid-agent
user036,enjoyer-taps-canning
user037,glowworm-devotee-race
user038,underline-outmost-swapping
user039,reapply-elastic-jokingly
user040,sworn-financial-pesky
